<?xml version="1.0" encoding="UTF-8"?>
<assembly xmlns="http://maven.apache.org/ASSEMBLY/2.0.0" xmlns:xsi="http://www.w3.org/2001/XMLSchema-instance"
		  xsi:schemaLocation="http://maven.apache.org/ASSEMBLY/2.0.0 http://maven.apache.org/xsd/assembly-2.0.0.xsd">
	<id>tarball</id>
	<includeBaseDirectory>false</includeBaseDirectory>
	<formats>
		<format>zip</format>
	</formats>
	<fileSets>
		<fileSet>
			<directory>target/</directory>
			<includes>
				<include>helloJavaFX</include>
			</includes>
			<outputDirectory></outputDirectory>
		</fileSet>
		<fileSet>
			<directory>target/</directory>
			<includes>
				<include>LICENSE.txt</include>
			</includes>
			<outputDirectory>helloJavaFX</outputDirectory>
		</fileSet>
		<fileSet>
			<directory>target/helloJavaFX</directory>
			<includes>
				<include>**/**</include>
			</includes>
			<outputDirectory>helloJavaFX</outputDirectory>
		</fileSet>
	</fileSets>
</assembly>